{
    "ADD1": 0.9767284535019565,
    "ADD2": 0.7309914931395354,
    "ADD3": 0.7345853955287046,
    "DIV1": 0.97778488607054,
    "DIV2": 0.8534243484553814,
    "DIV3": 0.911912585709005,
    "MUL1": 0.8273803962880019,
    "MUL2": 0.7420082095493736,
    "MUL3": 0.6658699692522522,
    "SUB1": 0.9838476897920824,
    "SUB2": 0.969510427857051,
    "SUB3": 0.7322665180356576,
    "ACC_ADD1": 0.5614813325265273,
    "ACC_ADD2": 0.9793009878166125,
    "ACC_ADD3": 0.48596614791398063,
    "ACC_DIV1": 0.9901067134438354,
    "ACC_DIV2": 0.9399590805106689,
    "ACC_DIV3": 0.49162966563413135,
    "ACC_MUL1": 0.6701580611191571,
    "ACC_MUL2": 0.5905680602354593,
    "ACC_MUL3": 0.5937161920988128,
    "ACC_SUB1": 0.9957396376385089,
    "ACC_SUB2": 0.5888533405919897,
    "ACC_SUB3": 0.8840211012800699,
    "ADD": 0.9881818541991102,
    "DIV": 0.963831352806229,
    "MUL": 0.8462523693045195,
    "SUB": 0.8940482065239345,
    "SUM": 1.0
}