{
    "ADD1": 0.9251813043452441,
    "ADD2": 0.434370928857831,
    "ADD3": 0.9210523605360228,
    "DIV1": 0.9747387888808756,
    "DIV2": 0.8488568225543154,
    "DIV3": 0.9003821866419481,
    "MUL1": 0.9722902888901688,
    "MUL2": 0.9452204033907002,
    "MUL3": 0.5517766476635209,
    "SUB1": 0.9799888001241834,
    "SUB2": 0.7472651770469723,
    "SUB3": 0.42060738243201357,
    "ACC_ADD1": 0.10894083631943186,
    "ACC_ADD2": 0.970759238321125,
    "ACC_ADD3": 0.3150814104202594,
    "ACC_DIV1": 0.9887712132623787,
    "ACC_DIV2": 0.9333781729938637,
    "ACC_DIV3": 0.49162966563413135,
    "ACC_MUL1": 0.5982256888585546,
    "ACC_MUL2": 0.5592504278590076,
    "ACC_MUL3": 0.5353326172266124,
    "ACC_SUB1": 0.9947931062179889,
    "ACC_SUB2": 0.9551124060872693,
    "ACC_SUB3": 0.87303139183008,
    "ADD": 0.3335907814508545,
    "DIV": 0.9606766026415765,
    "MUL": 0.9759683461884247,
    "SUB": 0.8596009031923458,
    "SUM": 1.0
}