{
    "1": 0.5933966928804844,
    "2": 0.7441394653633027,
    "3": 0.658892761180601
}