{
    "ADD1": 41.2806910618688,
    "ADD2": 6.157278595379682,
    "ADD3": 3.6377705870950336,
    "DIV1": 40.4246774316697,
    "DIV2": 9.499282269538243,
    "DIV3": 6.436402157049599,
    "MUL1": 14.326903719754025,
    "MUL2": 4.823533960403388,
    "MUL3": 3.270339807642506,
    "SUB1": 42.62415021813551,
    "SUB2": 13.185046626593875,
    "SUB3": 2.63553328559143,
    "ACC_ADD1": 0.0888970296618896,
    "ACC_ADD2": 0.8334137946505836,
    "ACC_ADD3": 0.2150093088411964,
    "ACC_DIV1": 0.8957969986771599,
    "ACC_DIV2": 0.7348348105678456,
    "ACC_DIV3": 0.30370196814249123,
    "ACC_MUL1": 0.11643698964784852,
    "ACC_MUL2": 0.236725376043433,
    "ACC_MUL3": 0.2937804130312467,
    "ACC_SUB1": 0.9233335467085212,
    "ACC_SUB2": 0.2306542528632365,
    "ACC_SUB3": 0.8188597211558527,
    "ADD": 65.88222963605726,
    "DIV": 54.23534573756055,
    "MUL": 19.32044506069402,
    "SUB": 19.727416006657066,
    "SUM": 73.8856554337234
}