{
    "1": 0.3098813734888098,
    "2": 0.45868085550869386,
    "3": 0.6458828026619117
}