{
    "ADD1": 41.2806910618688,
    "ADD2": 6.157278595379682,
    "ADD3": 3.6377705870950336,
    "DIV1": 15.532130358533266,
    "DIV2": 5.25970608443524,
    "DIV3": 4.028344983274848,
    "MUL1": 14.326903719754025,
    "MUL2": 11.02002309847439,
    "MUL3": 3.270339807642506,
    "SUB1": 42.62415021813551,
    "SUB2": 5.515411066837864,
    "SUB3": 2.63553328559143,
    "ACC_ADD1": 0.0888970296618896,
    "ACC_ADD2": 0.16138691877947034,
    "ACC_ADD3": 0.7902137024791922,
    "ACC_DIV1": 0.13909322276795685,
    "ACC_DIV2": 0.2630213930359237,
    "ACC_DIV3": 0.30370196814249123,
    "ACC_MUL1": 0.11643698964784852,
    "ACC_MUL2": 0.7474024098717468,
    "ACC_MUL3": 0.6932643176139763,
    "ACC_SUB1": 0.10766438261951664,
    "ACC_SUB2": 0.770530385984658,
    "ACC_SUB3": 0.417550410013676,
    "ADD": 20.512796581116095,
    "DIV": 20.37396127533826,
    "MUL": 19.32044506069402,
    "SUB": 19.727416006657066,
    "SUM": 73.8856554337234
}