{
    "ADD1": 11.11854764564026,
    "ADD2": 3.9992812731227443,
    "ADD3": 2.2781445737361565,
    "DIV1": 5.119356339509353,
    "DIV2": 2.4820572129467537,
    "DIV3": 1.8140021848311674,
    "MUL1": 8.52808081051552,
    "MUL2": 2.7737869362450156,
    "MUL3": 2.0657516640143094,
    "SUB1": 5.96512448733661,
    "SUB2": 2.898586733575964,
    "SUB3": 2.1082894208763077,
    "ACC_ADD1": 0.09093605446430475,
    "ACC_ADD2": 0.1621183589658461,
    "ACC_ADD3": 0.2238952283092026,
    "ACC_DIV1": 0.109813720029532,
    "ACC_DIV2": 0.19763580043578374,
    "ACC_DIV3": 0.25566036476109155,
    "ACC_MUL1": 0.0888376355981905,
    "ACC_MUL2": 0.19326396131670362,
    "ACC_MUL3": 0.21095161438498197,
    "ACC_SUB1": 0.0789373346308344,
    "ACC_SUB2": 0.17074923112534426,
    "ACC_SUB3": 0.26726886337329486,
    "ADD": 18.850851821222157,
    "DIV": 7.56744794245941,
    "MUL": 11.095707487470845,
    "SUB": 7.677869335914803,
    "SUM": 15.26745592594376
}