{
    "ADD1": 6.842603735528619,
    "ADD2": 2.741665505648803,
    "ADD3": 1.7032145949100614,
    "DIV1": 7.2276073988645235,
    "DIV2": 6.670915638992062,
    "DIV3": 2.0242458927931075,
    "MUL1": 5.239649116563601,
    "MUL2": 2.8823236629921145,
    "MUL3": 2.108718467028491,
    "SUB1": 6.49770327914134,
    "SUB2": 2.695184819659166,
    "SUB3": 1.7355134979230629,
    "ACC_ADD1": 0.07090941675427813,
    "ACC_ADD2": 0.14154943321204644,
    "ACC_ADD3": 0.1807068287822933,
    "ACC_DIV1": 0.09396175940261063,
    "ACC_DIV2": 0.1856870209972793,
    "ACC_DIV3": 0.20444340836525224,
    "ACC_MUL1": 0.05803622232792079,
    "ACC_MUL2": 0.18127626132030009,
    "ACC_MUL3": 0.21522081501696091,
    "ACC_SUB1": 0.06885373724071173,
    "ACC_SUB2": 0.1608848591148636,
    "ACC_SUB3": 0.207478851953438,
    "ADD": 9.421489770932412,
    "DIV": 17.09788970865874,
    "MUL": 8.852564578765417,
    "SUB": 7.7350388825882135,
    "SUM": 11.548212474388784
}