{
    "1": 0.27264622347353584,
    "2": 0.4232025548675165,
    "3": 0.6024865819197409
}