{
    "ADD1": 5.538127857853826,
    "ADD2": 2.8260909355336814,
    "ADD3": 1.9185921835882531,
    "DIV1": 7.565686846031951,
    "DIV2": 6.739174034424835,
    "DIV3": 5.263643382278722,
    "MUL1": 6.8939038745155905,
    "MUL2": 3.2043306608058995,
    "MUL3": 1.5432843147796835,
    "SUB1": 5.061454863121715,
    "SUB2": 2.7169119044588768,
    "SUB3": 1.8756808399900766,
    "ACC_ADD1": 0.06925016870463513,
    "ACC_ADD2": 0.12518699663315352,
    "ACC_ADD3": 0.1739708526364283,
    "ACC_DIV1": 0.13391181429959148,
    "ACC_DIV2": 0.20285241951917712,
    "ACC_DIV3": 0.23431759701468408,
    "ACC_MUL1": 0.07884330085775193,
    "ACC_MUL2": 0.15623126676862567,
    "ACC_MUL3": 0.1937108976025937,
    "ACC_SUB1": 0.08496353295976604,
    "ACC_SUB2": 0.1570273071309546,
    "ACC_SUB3": 0.2708564250883668,
    "ADD": 8.411465688268956,
    "DIV": 9.934374219810971,
    "MUL": 8.381565934421781,
    "SUB": 6.161486481291367,
    "SUM": 18.475917935918023
}