{
    "O_12": 0.8454545454545455,
    "O_23": 0.734375,
    "O_ADD": 0.7824390243902439,
    "O_DIV": 0.46153846153846156,
    "O_MUL": 0.7866379310344828,
    "O_SUB": 0.8654970760233918
}