{
    "O_12": 0.9,
    "O_23": 0.5,
    "O_ADD": 0.8632478632478632,
    "O_DIV": 0.5,
    "O_MUL": 0.6163793103448276,
    "O_SUB": 0.8031212484993997
}