{
    "ACC_ADD1 from 2": {
        "const": 0.534330499557427,
        "ACC_ADD2": 0.223380543974898,
        "RT_ADD2": 0.011591927094838264,
        "age": 0.010252874053906054
    },
    "ACC_ADD1 from 3": {
        "const": 0.9173992833270348,
        "ACC_ADD3": 0.27421343154732114,
        "RT_ADD3": -0.015157478240525726,
        "N_ADD3": -0.02008593794388935,
        "age": 0.006677048339953531
    },
    "ACC_ADD2 from 1": {
        "ACC_ADD1": 0.7526370527120292,
        "N_ADD1": 0.0030094505532680294
    },
    "ACC_ADD2 from 3": {
        "const": 0.5393987022087562,
        "ACC_ADD3": 0.45664040916585247,
        "N_ADD3": -0.006233310435473325
    },
    "ACC_ADD3 from 1": {
        "ACC_ADD1": 0.5575133336009467,
        "N_ADD1": 0.0045214719499017805
    },
    "ACC_ADD3 from 2": {
        "ACC_ADD2": 0.8353452403077329
    },
    "ACC_DIV1 from 2": {
        "const": 0.6877979088334277,
        "ACC_DIV2": 0.22491122669734412,
        "N_DIV2": -0.009072735230854424,
        "age": 0.008041561753023483
    },
    "ACC_DIV1 from 3": {
        "const": 0.9019916937655903,
        "ACC_DIV3": 0.19294440599756765,
        "RT_DIV3": -0.004263336634273939,
        "N_DIV3": -0.016765852605055545
    },
    "ACC_DIV2 from 1": {
        "ACC_DIV1": 0.5841419922263156,
        "RT_DIV1": -0.033108734841848786,
        "age": 0.016799565356069784
    },
    "ACC_DIV2 from 3": {
        "ACC_DIV3": 0.44269487980740535,
        "RT_DIV3": 0.0090358479087244,
        "age": 0.02250477440527922
    },
    "ACC_DIV3 from 1": {
        "ACC_DIV1": 0.6332114503622714
    },
    "ACC_DIV3 from 2": {
        "ACC_DIV2": 0.514225580766495,
        "RT_DIV2": 0.016994458589464998,
        "N_DIV2": 0.010917485875726694
    },
    "ACC_MUL1 from 2": {
        "const": 0.6360957205610307,
        "ACC_MUL2": 0.25719267785687894,
        "N_MUL2": -0.0050383506468436815,
        "age": 0.0107687009905616
    },
    "ACC_MUL1 from 3": {
        "const": 0.7563017689598909,
        "ACC_MUL3": 0.105546683495988,
        "N_MUL3": -0.008833281992358786,
        "age": 0.010700812584768654
    },
    "ACC_MUL2 from 1": {
        "ACC_MUL1": 0.8924863999665169,
        "RT_MUL1": -0.053175536252516066
    },
    "ACC_MUL2 from 3": {
        "const": 0.47016416190883825,
        "ACC_MUL3": 0.46747881029097194,
        "N_MUL3": -0.007469286362418057
    },
    "ACC_MUL3 from 1": {
        "ACC_MUL1": 0.7096525900675981,
        "RT_MUL1": -0.04119650877868799
    },
    "ACC_MUL3 from 2": {
        "const": 0.17709428995236093,
        "ACC_MUL2": 0.63606435737918,
        "RT_MUL2": -0.008593832827538858
    },
    "ACC_SUB1 from 2": {
        "const": 0.6273714932752619,
        "ACC_SUB2": 0.2771920391864781,
        "N_SUB2": -0.006855615306203732,
        "age": 0.011679889479320265
    },
    "ACC_SUB1 from 3": {
        "const": 0.7790634034813385,
        "ACC_SUB3": 0.168248788455218,
        "N_SUB3": -0.013292803978886903,
        "age": 0.008476055453054299
    },
    "ACC_SUB2 from 1": {
        "ACC_SUB1": 0.9494363933180026,
        "RT_SUB1": -0.058282883902591474
    },
    "ACC_SUB2 from 3": {
        "const": 0.35628818655778527,
        "ACC_SUB3": 0.5260295124475742,
        "RT_SUB3": 0.007192886105976031
    },
    "ACC_SUB3 from 1": {
        "ACC_SUB1": 0.7408657540956193,
        "RT_SUB1": -0.04212967159739595
    },
    "ACC_SUB3 from 2": {
        "const": 0.18024910951684023,
        "ACC_SUB2": 0.8633582456823747,
        "RT_SUB2": -0.019714078671177422,
        "N_SUB2": -0.009733807972422627
    },
    "RT_ADD1 from 2": {
        "const": 2.4215709201419693,
        "RT_ADD2": 0.16739609836627706,
        "N_ADD2": -0.03129934764524775,
        "age": -0.05817493854579349
    },
    "RT_ADD1 from 3": {
        "const": 4.356707700930234,
        "N_ADD3": -0.09828982833221919,
        "age": -0.10877068661078296
    },
    "RT_ADD2 from 1": {
        "ACC_ADD1": 1.6749416433899549,
        "RT_ADD1": 1.8779508426454459
    },
    "RT_ADD2 from 3": {
        "const": 7.326505312799889,
        "RT_ADD3": 0.26238310354787464,
        "N_ADD3": -0.1603679597537793,
        "age": -0.1972645010263232
    },
    "RT_ADD3 from 1": {
        "ACC_ADD1": 5.166037036939057,
        "RT_ADD1": 1.5941450882478387
    },
    "RT_ADD3 from 2": {
        "ACC_ADD2": 8.544721089027629,
        "RT_ADD2": 0.6603472098547251,
        "N_ADD2": -0.16960870633187494
    },
    "RT_DIV1 from 2": {
        "const": 5.864280124907656,
        "N_DIV2": -0.12325806032983115,
        "age": -0.14919107290048897
    },
    "RT_DIV1 from 3": {
        "const": 5.787490208185866,
        "ACC_DIV3": -0.8733186239738856,
        "RT_DIV3": 0.05398123283050155,
        "age": -0.21605129305121346
    },
    "RT_DIV2 from 1": {
        "ACC_DIV1": 13.371375600270758,
        "N_DIV1": -0.11337480498623209
    },
    "RT_DIV2 from 3": {
        "const": 8.574518755981472,
        "RT_DIV3": 0.4035206673108317,
        "N_DIV3": -0.2006280300490083,
        "age": -0.2638829095467115
    },
    "RT_DIV3 from 1": {
        "const": -7.096137024004543,
        "ACC_DIV1": 19.113925527385756,
        "N_DIV1": -0.11970413309506582,
        "age": 0.3232379557743425
    },
    "RT_DIV3 from 2": {
        "ACC_DIV2": 8.555120805543588,
        "RT_DIV2": 0.583732817840363,
        "N_DIV2": -0.42294725202959516,
        "age": 0.23287876533912383
    },
    "RT_MUL1 from 2": {
        "const": 4.9784761910103885,
        "N_MUL2": -0.10716559396688909,
        "age": -0.1065376256808577
    },
    "RT_MUL1 from 3": {
        "const": 5.469300695732662,
        "N_MUL3": -0.07867187240687082,
        "age": -0.18206000809362158
    },
    "RT_MUL2 from 1": {
        "ACC_MUL1": 14.194594986745235,
        "N_MUL1": -0.15160318742458884
    },
    "RT_MUL2 from 3": {
        "const": 7.377663747507016,
        "ACC_MUL3": -3.6047531851514707,
        "RT_MUL3": 0.5350469033281517,
        "age": -0.23470640831973422
    },
    "RT_MUL3 from 1": {
        "ACC_MUL1": 7.974043340099049,
        "RT_MUL1": 0.9682691986192323
    },
    "RT_MUL3 from 2": {
        "const": 2.9004601681569264,
        "ACC_MUL2": 6.574763456185433,
        "RT_MUL2": 0.6445733518428411,
        "N_MUL2": -0.2566116038525366
    },
    "RT_SUB1 from 2": {
        "const": 3.6399646263041974,
        "ACC_SUB2": -1.8543079967100564,
        "RT_SUB2": 0.25493646596742636,
        "age": -0.0945222729941131
    },
    "RT_SUB1 from 3": {
        "const": 5.943088469051091,
        "N_SUB3": -0.09464664908431872,
        "age": -0.19800650079878201
    },
    "RT_SUB2 from 1": {
        "const": -2.186029527927354,
        "ACC_SUB1": 11.325043096763936,
        "RT_SUB1": 0.47556202887141585,
        "N_SUB1": -0.0850658947354517
    },
    "RT_SUB2 from 3": {
        "const": 9.102634406664105,
        "RT_SUB3": 0.2675603711201487,
        "N_SUB3": -0.17984064252779378,
        "age": -0.28784909655237495
    },
    "RT_SUB3 from 1": {
        "ACC_SUB1": 19.36750695759505,
        "RT_SUB1": -1.0473796048967037,
        "N_SUB1": -0.16903368286816042
    },
    "RT_SUB3 from 2": {
        "ACC_SUB2": 7.6356328077055675,
        "RT_SUB2": 0.5133458249616744,
        "N_SUB2": -0.23598428703824786,
        "age": 0.19173137016420375
    },
    "N_ADD1 from 2": {
        "N_ADD2": 1.430971971169592,
        "age": 1.0570106063239464
    },
    "N_ADD1 from 3": {
        "ACC_ADD3": 22.032436246723886,
        "RT_ADD3": -1.3750899517849453,
        "age": 2.199903762358133
    },
    "N_ADD2 from 1": {
        "const": 10.925712384932476,
        "RT_ADD1": -2.0485416385240094,
        "N_ADD1": 0.21067409865946266
    },
    "N_ADD2 from 3": {
        "ACC_ADD3": 6.147638142602236,
        "RT_ADD3": -0.42793447065587226,
        "N_ADD3": 0.503571301669697,
        "age": 0.669081131235517
    },
    "N_ADD3 from 1": {
        "const": 21.97304100042515,