{
    "age": 0.34925186489116833,
    "ACC_ADD1": 0.663741862045972,
    "ACC_ADD2": 0.9873959430726331,
    "ACC_ADD3": 0.7920499985422147,
    "ACC_DIV1": 0.7294273557665076,
    "ACC_DIV2": 0.7938891303875683,
    "ACC_DIV3": 0.7606022682706258,
    "ACC_MUL1": 0.8094855847311018,
    "ACC_MUL2": 0.9799465490280661,
    "ACC_MUL3": 0.9479865412757739,
    "ACC_SUB1": 0.9975581066818462,
    "ACC_SUB2": 0.8848120511850911,
    "ACC_SUB3": 0.7668504889976965,
    "RT_ADD1": 0.8766580456612015,
    "RT_ADD2": 0.9824491797576842,
    "RT_ADD3": 0.8806016232282485,
    "RT_DIV1": 0.9837708083595383,
    "RT_DIV2": 0.9723447031508782,
    "RT_DIV3": 0.9588832871609219,
    "RT_MUL1": 0.9444462552505754,
    "RT_MUL2": 0.8693323556757727,
    "RT_MUL3": 0.7928462481105921,
    "RT_SUB1": 0.9280236966394103,
    "RT_SUB2": 0.901706805204396,
    "RT_SUB3": 0.7954695200244329,
    "N_ADD1": 0.822660573925015,
    "N_ADD2": 0.9824375934968473,
    "N_ADD3": 0.8666106835058274,
    "N_DIV1": 0.9907520580707885,
    "N_DIV2": 0.889675699573424,
    "N_DIV3": 0.8348422447685688,
    "N_MUL1": 0.9931651444769751,
    "N_MUL2": 0.9794098362567369,
    "N_MUL3": 0.9414979676956639,
    "N_SUB1": 0.9577324460314481,
    "N_SUB2": 0.9868487072068345,
    "N_SUB3": 0.8497448742040008,
    "Accuracy ALL level1": 0.8052520642101488,
    "Accuracy ALL level2": 0.8868200733190409,
    "Accuracy ALL level3": 0.8225093993070721,
    "Accuracy ALL ADD": 0.8290947176236988,
    "Accuracy ALL SUB": 0.8525912851828633,
    "Accuracy ALL MUL": 0.8654381578946391,
    "Accuracy ALL DIV": 0.8789816855421155,
    "RT ALL level1": 0.8780167220531649,
    "RT ALL level2": 0.8890941512529493,
    "RT ALL level3": 0.892928385532152,
    "RT ALL ADD": 0.9269915485241592,
    "RT ALL SUB": 0.882122365927645,
    "RT ALL MUL": 0.837986485654453,
    "RT ALL DIV": 0.9811542737486934,
    "NofCorr ALL level1": 0.9014362391389129,
    "NofCorr ALL level2": 0.9372897224971326,
    "NofCorr ALL level3": 0.8687873388789815,
    "NofCorr ALL ADD": 0.909528368661753,
    "NofCorr ALL SUB": 0.9488904518616393,
    "NofCorr ALL MUL": 0.9543621416635304,
    "NofCorr ALL DIV": 0.9535525365779889
}