{
    "ACC_ADD1 from 2": 0.2862665485829978,
    "ACC_ADD1 from 3": 0.3311057174958838,
    "ACC_ADD2 from 1": 0.9623623542787036,
    "ACC_ADD2 from 3": 0.32099973649689195,
    "ACC_ADD3 from 1": 0.9046606881063236,
    "ACC_ADD3 from 2": 0.9217803852921189,
    "ACC_DIV1 from 2": 0.2156462336013898,
    "ACC_DIV1 from 3": 0.22064214063960674,
    "ACC_DIV2 from 1": 0.8882195777151887,
    "ACC_DIV2 from 3": 0.9171540861362247,
    "ACC_DIV3 from 1": 0.7995198539128558,
    "ACC_DIV3 from 2": 0.8616995385513864,
    "ACC_MUL1 from 2": 0.31728235466046695,
    "ACC_MUL1 from 3": 0.20066450939754987,
    "ACC_MUL2 from 1": 0.917600046898011,
    "ACC_MUL2 from 3": 0.29212358165509666,
    "ACC_MUL3 from 1": 0.7961155395730797,
    "ACC_MUL3 from 2": 0.2909553910851145,
    "ACC_SUB1 from 2": 0.3323184403109515,
    "ACC_SUB1 from 3": 0.362841153244017,
    "ACC_SUB2 from 1": 0.9357424357763846,
    "ACC_SUB2 from 3": 0.41898455873963747,
    "ACC_SUB3 from 1": 0.8519651457930846,
    "ACC_SUB3 from 2": 0.41577731331684487,
    "RT_ADD1 from 2": 0.5350984494824385,
    "RT_ADD1 from 3": 0.3901636421968877,
    "RT_ADD2 from 1": 0.9311896720230224,
    "RT_ADD2 from 3": 0.4763206888030712,
    "RT_ADD3 from 1": 0.887085595471834,
    "RT_ADD3 from 2": 0.9307434680502549,
    "RT_DIV1 from 2": 0.26864081709513155,
    "RT_DIV1 from 3": 0.1735059842706803,
    "RT_DIV2 from 1": 0.8660833866254365,
    "RT_DIV2 from 3": 0.5393708852450974,
    "RT_DIV3 from 1": 0.16106258265940354,
    "RT_DIV3 from 2": 0.9182097397653352,
    "RT_MUL1 from 2": 0.4114040400434864,
    "RT_MUL1 from 3": 0.25296348865445273,
    "RT_MUL2 from 1": 0.8395676335024489,
    "RT_MUL2 from 3": 0.5277392362002559,
    "RT_MUL3 from 1": 0.7952039095049206,
    "RT_MUL3 from 2": 0.47331614568903924,
    "RT_SUB1 from 2": 0.47853234764031405,
    "RT_SUB1 from 3": 0.23170342242904607,
    "RT_SUB2 from 1": 0.4496380172904264,
    "RT_SUB2 from 3": 0.4451338437922314,
    "RT_SUB3 from 1": 0.8784894217415523,
    "RT_SUB3 from 2": 0.9096016479019553,
    "N_ADD1 from 2": 0.9368195630258535,
    "N_ADD1 from 3": 0.9132264406502857,
    "N_ADD2 from 1": 0.5096702489328039,
    "N_ADD2 from 3": 0.9165933850631205,
    "N_ADD3 from 1": 0.356531418663414,
    "N_ADD3 from 2": 0.42836358723573154,
    "N_DIV1 from 2": 0.8816735130003701,
    "N_DIV1 from 3": 0.8711882974771771,
    "N_DIV2 from 1": 0.29980126114454275,
    "N_DIV2 from 3": 0.488884478744527,
    "N_DIV3 from 1": 0.16503401742124113,
    "N_DIV3 from 2": 0.4993412115632,
    "N_MUL1 from 2": 0.48379956204435925,
    "N_MUL1 from 3": 0.9036680891779635,
    "N_MUL2 from 1": 0.4505881463130843,
    "N_MUL2 from 3": 0.8821931804520657,
    "N_MUL3 from 1": 0.2412041551839913,
    "N_MUL3 from 2": 0.48537955938229216,
    "N_SUB1 from 2": 0.9392723441408182,
    "N_SUB1 from 3": 0.9080698667685537,
    "N_SUB2 from 1": 0.525379832505274,
    "N_SUB2 from 3": 0.8832395142426577,
    "N_SUB3 from 1": 0.30357634143590984,
    "N_SUB3 from 2": 0.40369153096225374
}