{
    "age": 0.26861319597134925,
    "ACC_ADD1": 0.3560488711216977,
    "ACC_ADD2": 0.9798018184109148,
    "ACC_ADD3": 0.6364824081965184,
    "ACC_DIV1": 0.5586868845401983,
    "ACC_DIV2": 0.6518081264915278,
    "ACC_DIV3": 0.7032399764040587,
    "ACC_MUL1": 0.6840697540160656,
    "ACC_MUL2": 0.7461101835676957,
    "ACC_MUL3": 0.6798628573275437,
    "ACC_SUB1": 0.6500415422191624,
    "ACC_SUB2": 0.6580674647438536,
    "ACC_SUB3": 0.5831097719363367,
    "RT_ADD1": 0.999997996604006,
    "RT_ADD2": 0.2915661784068998,
    "RT_ADD3": 0.9999995845962153,
    "RT_DIV1": 0.6348606070272633,
    "RT_DIV2": 0.9999983665859974,
    "RT_DIV3": 0.8998077777390827,
    "RT_MUL1": 0.9999994334371923,
    "RT_MUL2": 0.999999492187081,
    "RT_MUL3": 0.9999992879023646,
    "RT_SUB1": 0.7799596615200599,
    "RT_SUB2": 0.684821220662148,
    "RT_SUB3": 0.6353843830005186,
    "N_ADD1": 0.9666531947952968,
    "N_ADD2": 0.9694642852546657,
    "N_ADD3": 0.9450995689894668,
    "N_DIV1": 0.847263510787009,
    "N_DIV2": 0.9503524271738093,
    "N_DIV3": 0.9265665062476641,
    "N_MUL1": 0.9841295253086598,
    "N_MUL2": 0.8055790256720468,
    "N_MUL3": 0.9063247901971956,
    "N_SUB1": 0.9839424092469661,
    "N_SUB2": 0.9596784947885372,
    "N_SUB3": 0.6253495642954818,
    "Accuracy ALL level1": 0.6077128200071285,
    "Accuracy ALL level2": 0.7486111228447168,
    "Accuracy ALL level3": 0.68405293657257,
    "Accuracy ALL ADD": 0.5890388159351869,
    "Accuracy ALL SUB": 0.6457148844777223,
    "Accuracy ALL MUL": 0.7160518002530776,
    "Accuracy ALL DIV": 0.9855915771727114,
    "RT ALL level1": 0.90475470919688,
    "RT ALL level2": 0.8727622700113489,
    "RT ALL level3": 0.6450316532809242,
    "RT ALL ADD": 0.8331440834473296,
    "RT ALL SUB": 0.7096482837164442,
    "RT ALL MUL": 0.9999993954483755,
    "RT ALL DIV": 0.8717222178649517,
    "NofCorr ALL level1": 0.6741125325849289,
    "NofCorr ALL level2": 0.9689028713885772,
    "NofCorr ALL level3": 0.6441246180338068,
    "NofCorr ALL ADD": 0.9841574585279083,
    "NofCorr ALL SUB": 0.9866931870317136,
    "NofCorr ALL MUL": 0.9834843634422922,
    "NofCorr ALL DIV": 0.9656688562963823
}