{
    "age": 0.16039440239122937,
    "ACC_ADD1": 0.5471744160056715,
    "ACC_ADD2": 0.32810477498594415,
    "ACC_ADD3": 0.497308497955808,
    "ACC_DIV1": 0.36786894742972454,
    "ACC_DIV2": 0.3399848053624237,
    "ACC_DIV3": 0.5795075442253057,
    "ACC_MUL1": 0.45825203349510657,
    "ACC_MUL2": 0.4519681816783174,
    "ACC_MUL3": 0.5801792391178122,
    "ACC_SUB1": 0.39529194130310064,
    "ACC_SUB2": 0.5199369310924729,
    "ACC_SUB3": 0.26264020219412854,
    "RT_ADD1": -1297448.9951538735,
    "RT_ADD2": 0.7141529060847598,
    "RT_ADD3": -0.01971203606327765,
    "RT_DIV1": 0.21767896054925162,
    "RT_DIV2": 0.11885424606824846,
    "RT_DIV3": 0.7587902561923894,
    "RT_MUL1": 0.21878898256216928,
    "RT_MUL2": -103940.75369754455,
    "RT_MUL3": -23607.809432439237,
    "RT_SUB1": 0.08183371465466904,
    "RT_SUB2": 0.1877915147733603,
    "RT_SUB3": 0.47743743679774575,
    "N_ADD1": 0.6504416804481474,
    "N_ADD2": 0.7844017267056695,
    "N_ADD3": 0.5959432557150486,
    "N_DIV1": 0.8653177509936196,
    "N_DIV2": 0.2601791803984864,
    "N_DIV3": 0.3573783403322425,
    "N_MUL1": 0.7912860666150524,
    "N_MUL2": 0.7173130614280565,
    "N_MUL3": 0.6534130773381168,
    "N_SUB1": 0.8295447763136061,
    "N_SUB2": 0.7465593015947836,
    "N_SUB3": 0.6719485607928937,
    "Accuracy ALL level1": 0.7046500504845752,
    "Accuracy ALL level2": 0.5940335051208331,
    "Accuracy ALL level3": 0.6277345013230552,
    "Accuracy ALL ADD": 0.5045212149245737,
    "Accuracy ALL SUB": 0.3908734668495889,
    "Accuracy ALL MUL": 0.5711964827052032,
    "Accuracy ALL DIV": 0.5372635152739635,
    "RT ALL level1": 0.3488665734665546,
    "RT ALL level2": -45406.10880883711,
    "RT ALL level3": 0.619669929875586,
    "RT ALL ADD": 0.17936809121651798,
    "RT ALL SUB": 0.44049696821037987,
    "RT ALL MUL": 0.03701757086646007,
    "RT ALL DIV": -119966.29849192033,
    "NofCorr ALL level1": 0.6331659341722007,
    "NofCorr ALL level2": 0.6854025990831543,
    "NofCorr ALL level3": 0.5358040924444907,
    "NofCorr ALL ADD": 0.8304839143816197,
    "NofCorr ALL SUB": 0.8446000850477379,
    "NofCorr ALL MUL": 0.837777636840214,
    "NofCorr ALL DIV": 0.7387985609306862
}