{
    "age": 0.6759468198074278,
    "ACC_ADD1": 0.737462279581686,
    "ACC_ADD2": 0.705397231024431,
    "ACC_ADD3": 0.67927701316732,
    "ACC_DIV1": 0.4836153137379584,
    "ACC_DIV2": 0.608219671666566,
    "ACC_DIV3": 0.7962327897361832,
    "ACC_MUL1": 0.8544409986070544,
    "ACC_MUL2": 0.8424408394126899,
    "ACC_MUL3": 0.6987726991949159,
    "ACC_SUB1": 0.8414297147694116,
    "ACC_SUB2": 0.7476589206363728,
    "ACC_SUB3": 0.7261083977809519,
    "RT_ADD1": 0.9544745474615167,
    "RT_ADD2": 0.8597873864897192,
    "RT_ADD3": 0.8312083830198096,
    "RT_DIV1": 0.9352658670286473,
    "RT_DIV2": 0.8783007675340304,
    "RT_DIV3": 0.859154458863288,
    "RT_MUL1": 0.7730651550067018,
    "RT_MUL2": 0.6956872155815219,
    "RT_MUL3": 0.8411235524078685,
    "RT_SUB1": 0.9574746440092604,
    "RT_SUB2": 0.8659867159294401,
    "RT_SUB3": 0.7688724768561774,
    "N_ADD1": 0.8729964859088977,
    "N_ADD2": 0.8397534466740988,
    "N_ADD3": 0.9009231356049178,
    "N_DIV1": 0.9641424810478779,
    "N_DIV2": 0.86010091627788,
    "N_DIV3": 0.9093379316069057,
    "N_MUL1": 0.9681920063941034,
    "N_MUL2": 0.9191643990024558,
    "N_MUL3": 0.9429898111678849,
    "N_SUB1": 0.9807980957189808,
    "N_SUB2": 0.9462358546345228,
    "N_SUB3": 0.8776049808944966,
    "Accuracy ALL level1": 0.8686224395340385,
    "Accuracy ALL level2": 0.8883207063840431,
    "Accuracy ALL level3": 0.8294575462249845,
    "Accuracy ALL ADD": 0.8347957126558404,
    "Accuracy ALL SUB": 0.7506822986255987,
    "Accuracy ALL MUL": 0.8953840146565972,
    "Accuracy ALL DIV": 0.9013793374946653,
    "RT ALL level1": 0.9553775707936005,
    "RT ALL level2": 0.8918979965280055,
    "RT ALL level3": 0.8758763382462296,
    "RT ALL ADD": 0.946673580882322,
    "RT ALL SUB": 0.9046827175293197,
    "RT ALL MUL": 0.8642967300196492,
    "RT ALL DIV": 0.8863917128521103,
    "NofCorr ALL level1": 0.9246575652177466,
    "NofCorr ALL level2": 0.9343424001506335,
    "NofCorr ALL level3": 0.8496468466806112,
    "NofCorr ALL ADD": 0.9535445684217859,
    "NofCorr ALL SUB": 0.9457646317295715,
    "NofCorr ALL MUL": 0.9454773029334608,
    "NofCorr ALL DIV": 0.9195669847597936
}