{
    "ACC_ADD1 from 2": 0.3295240952403725,
    "ACC_ADD1 from 3": 0.7588523165384808,
    "ACC_ADD2 from 1": 0.6140584821702229,
    "ACC_ADD2 from 3": 0.8502626296601006,
    "ACC_ADD3 from 1": 0.3350352488691899,
    "ACC_ADD3 from 2": 0.5882705273575486,
    "ACC_DIV1 from 2": 0.7195696857827263,
    "ACC_DIV1 from 3": 0.5017747393234537,
    "ACC_DIV2 from 1": 0.6224609977276346,
    "ACC_DIV2 from 3": 0.5248109157881615,
    "ACC_DIV3 from 1": 0.29841865959995373,
    "ACC_DIV3 from 2": 0.57218753344316,
    "ACC_MUL1 from 2": 0.39901704176101127,
    "ACC_MUL1 from 3": 0.6511183899677189,
    "ACC_MUL2 from 1": 0.6502923639455894,
    "ACC_MUL2 from 3": 0.6451244146556266,
    "ACC_MUL3 from 1": 0.5950498855626036,
    "ACC_MUL3 from 2": 0.6434639709333461,
    "ACC_SUB1 from 2": 0.6706596928459599,
    "ACC_SUB1 from 3": 0.3596843078870853,
    "ACC_SUB2 from 1": 0.6122791058074677,
    "ACC_SUB2 from 3": 0.6782966309237588,
    "ACC_SUB3 from 1": 0.6118681837439683,
    "ACC_SUB3 from 2": 0.7117150638115679,
    "RT_ADD1 from 2": 0.6854456745539467,
    "RT_ADD1 from 3": 0.6442208763907604,
    "RT_ADD2 from 1": 0.8149852891456013,
    "RT_ADD2 from 3": 0.8086239133221074,
    "RT_ADD3 from 1": 0.5838813437440871,
    "RT_ADD3 from 2": 0.8066006255273149,
    "RT_DIV1 from 2": 0.3803598703958079,
    "RT_DIV1 from 3": 0.3630464281810559,
    "RT_DIV2 from 1": 0.4287534931977752,
    "RT_DIV2 from 3": 0.8381388409814806,
    "RT_DIV3 from 1": 0.40497887069877514,
    "RT_DIV3 from 2": 0.6501541491235693,
    "RT_MUL1 from 2": 0.6560298874321938,
    "RT_MUL1 from 3": 0.4106563074745907,
    "RT_MUL2 from 1": 0.4817455732387502,
    "RT_MUL2 from 3": 0.84152118155531,
    "RT_MUL3 from 1": 0.4655384825015805,
    "RT_MUL3 from 2": 0.7983286764114113,
    "RT_SUB1 from 2": 0.7084470676738657,
    "RT_SUB1 from 3": 0.5543280280795002,
    "RT_SUB2 from 1": 0.7479382905190951,
    "RT_SUB2 from 3": 0.5586348158135551,
    "RT_SUB3 from 1": 0.4394742335854275,
    "RT_SUB3 from 2": 0.717125204333644,
    "N_ADD1 from 2": 0.7034361210304299,
    "N_ADD1 from 3": 0.5681159911401623,
    "N_ADD2 from 1": 0.7478590776204874,
    "N_ADD2 from 3": 0.8022082082682995,
    "N_ADD3 from 1": 0.49581425635384857,
    "N_ADD3 from 2": 0.5728132802833712,
    "N_DIV1 from 2": 0.6059082817445283,
    "N_DIV1 from 3": 0.6765073142609321,
    "N_DIV2 from 1": 0.6800528118906406,
    "N_DIV2 from 3": 0.5296722094241164,
    "N_DIV3 from 1": 0.7925162917653249,
    "N_DIV3 from 2": 0.7755324885599807,
    "N_MUL1 from 2": 0.7791687238980591,
    "N_MUL1 from 3": 0.5284704719594797,
    "N_MUL2 from 1": 0.7120498783839708,
    "N_MUL2 from 3": 0.3431225647369277,
    "N_MUL3 from 1": 0.22410319917523125,
    "N_MUL3 from 2": 0.6180868789973955,
    "N_SUB1 from 2": 0.7704842775297911,
    "N_SUB1 from 3": 0.47999289205058715,
    "N_SUB2 from 1": 0.8112948686278589,
    "N_SUB2 from 3": 0.6262906971436342,
    "N_SUB3 from 1": 0.5992977419354839,
    "N_SUB3 from 2": 0.759836132035212
}