{
    "age": 0.18679464641846755,
    "ACC_ADD1": 0.5174619389423523,
    "ACC_ADD2": 0.49845662239922306,
    "ACC_ADD3": 0.2701268775015123,
    "ACC_DIV1": 0.47897920724518095,
    "ACC_DIV2": 0.3644246420621483,
    "ACC_DIV3": 0.6219079160536513,
    "ACC_MUL1": 0.5755560919230369,
    "ACC_MUL2": 0.4142076885489474,
    "ACC_MUL3": 0.562946395605624,
    "ACC_SUB1": 0.32423947003456355,
    "ACC_SUB2": 0.5916202498403572,
    "ACC_SUB3": 0.5949023126446926,
    "RT_ADD1": 0.9449635671948623,
    "RT_ADD2": 0.9464538663656124,
    "RT_ADD3": -693210.0142884679,
    "RT_DIV1": -2713448.703038213,
    "RT_DIV2": 0.436510015491254,
    "RT_DIV3": 0.7043405184783662,
    "RT_MUL1": -0.01936268076285419,
    "RT_MUL2": -627672.7967607494,
    "RT_MUL3": 0.7334460524248372,
    "RT_SUB1": -0.20378919647995364,
    "RT_SUB2": 0.1503984426068966,
    "RT_SUB3": 0.6046007620844787,
    "N_ADD1": 0.6355504026117936,
    "N_ADD2": 0.7749261186116524,
    "N_ADD3": 0.46166116778234123,
    "N_DIV1": 0.880090225892501,
    "N_DIV2": -0.24732099160921783,
    "N_DIV3": -0.6136564395136139,
    "N_MUL1": 0.8558007928454664,
    "N_MUL2": 0.7688528866497911,
    "N_MUL3": 0.56143230241707,
    "N_SUB1": 0.7318361214695608,
    "N_SUB2": 0.6455152546462892,
    "N_SUB3": 0.5908636279128872,
    "Accuracy ALL level1": 0.461922566473137,
    "Accuracy ALL level2": 0.5852329602291204,
    "Accuracy ALL level3": 0.6831680432636739,
    "Accuracy ALL ADD": 0.4342749797874276,
    "Accuracy ALL SUB": 0.5342878057699467,
    "Accuracy ALL MUL": 0.48703269609211497,
    "Accuracy ALL DIV": 0.5244787715429222,
    "RT ALL level1": -30067.081576500026,
    "RT ALL level2": -0.6493216817929846,
    "RT ALL level3": 0.5269983692332227,
    "RT ALL ADD": -251231.9902487335,
    "RT ALL SUB": 0.6412478173344132,
    "RT ALL MUL": 0.04671392906734306,
    "RT ALL DIV": -0.397542767834254,
    "NofCorr ALL level1": 0.5320956563952216,
    "NofCorr ALL level2": 0.6720066090055026,
    "NofCorr ALL level3": 0.41087755123103753,
    "NofCorr ALL ADD": 0.862322211562419,
    "NofCorr ALL SUB": 0.8825448180915224,
    "NofCorr ALL MUL": 0.834242237440306,
    "NofCorr ALL DIV": 0.22078127667442138
}