{
    "ACC_ADD1 from 2": 0.9297993296599387,
    "ACC_ADD1 from 3": 0.8528966249390324,
    "ACC_ADD2 from 1": 0.6643422792277573,
    "ACC_ADD2 from 3": 0.7952388629359304,
    "ACC_ADD3 from 1": 0.3167757419059244,
    "ACC_ADD3 from 2": 0.5119457249957906,
    "ACC_DIV1 from 2": 0.4344013424580653,
    "ACC_DIV1 from 3": 0.46861170693291176,
    "ACC_DIV2 from 1": 0.602157224396406,
    "ACC_DIV2 from 3": 0.28851104314479814,
    "ACC_DIV3 from 1": 0.561597399672056,
    "ACC_DIV3 from 2": 0.7423670449609345,
    "ACC_MUL1 from 2": 0.5107370937368333,
    "ACC_MUL1 from 3": 0.7093020297025885,
    "ACC_MUL2 from 1": 0.7086520140229837,
    "ACC_MUL2 from 3": 0.5573600856966224,
    "ACC_MUL3 from 1": 0.39508658905762795,
    "ACC_MUL3 from 2": 0.6599535873760851,
    "ACC_SUB1 from 2": 0.5500571723000363,
    "ACC_SUB1 from 3": 0.8057490969163894,
    "ACC_SUB2 from 1": 0.6988361545671904,
    "ACC_SUB2 from 3": 0.7837327441167337,
    "ACC_SUB3 from 1": 0.4392611087073409,
    "ACC_SUB3 from 2": 0.6277603374466459,
    "RT_ADD1 from 2": 0.6746828631391097,
    "RT_ADD1 from 3": 0.8756212799174764,
    "RT_ADD2 from 1": 0.8233540466223916,
    "RT_ADD2 from 3": 0.8281692177870719,
    "RT_ADD3 from 1": 0.7402067873018052,
    "RT_ADD3 from 2": 0.6465626764490846,
    "RT_DIV1 from 2": 0.4489098226956735,
    "RT_DIV1 from 3": 0.4384588976828706,
    "RT_DIV2 from 1": 0.3392393626289224,
    "RT_DIV2 from 3": 0.7546097224457042,
    "RT_DIV3 from 1": 0.7242151112838136,
    "RT_DIV3 from 2": 0.7950062458370306,
    "RT_MUL1 from 2": 0.8435233668477502,
    "RT_MUL1 from 3": 0.6232790024620496,
    "RT_MUL2 from 1": 0.7298966182051629,
    "RT_MUL2 from 3": 0.9392044447215977,
    "RT_MUL3 from 1": 0.40924394817924337,
    "RT_MUL3 from 2": 0.8402319756286489,
    "RT_SUB1 from 2": 0.7211927637672527,
    "RT_SUB1 from 3": 0.16616272845666846,
    "RT_SUB2 from 1": 0.6746854351337355,
    "RT_SUB2 from 3": 0.7761045716338156,
    "RT_SUB3 from 1": 0.6325607838371405,
    "RT_SUB3 from 2": 0.4850635729086489,
    "N_ADD1 from 2": 0.8472394630802644,
    "N_ADD1 from 3": 0.728129906410274,
    "N_ADD2 from 1": 0.6909761388423653,
    "N_ADD2 from 3": 0.7333085991185253,
    "N_ADD3 from 1": 0.7285987388971917,
    "N_ADD3 from 2": 0.8155423163562974,
    "N_DIV1 from 2": 0.41764093238838684,
    "N_DIV1 from 3": 0.4404372133033996,
    "N_DIV2 from 1": 0.5012889307900354,
    "N_DIV2 from 3": 0.7733323287268221,
    "N_DIV3 from 1": 0.3408782051473578,
    "N_DIV3 from 2": 0.7023098175484692,
    "N_MUL1 from 2": 0.7857978170653468,
    "N_MUL1 from 3": 0.4459360319748217,
    "N_MUL2 from 1": 0.6591307676073812,
    "N_MUL2 from 3": 0.6250705189099638,
    "N_MUL3 from 1": 0.69723227632403,
    "N_MUL3 from 2": 0.7121515867373869,
    "N_SUB1 from 2": 0.7591247713033786,
    "N_SUB1 from 3": 0.5934083251548503,
    "N_SUB2 from 1": 0.6851840941471309,
    "N_SUB2 from 3": 0.6241519191488596,
    "N_SUB3 from 1": 0.6915661593209067,
    "N_SUB3 from 2": 0.6922965213169074
}