{
    "age": 0.6367735612716137,
    "ACC_ADD1": 0.9460695547505464,
    "ACC_ADD2": 0.8854895721236058,
    "ACC_ADD3": 0.5747260074093701,
    "ACC_DIV1": 0.816023118246853,
    "ACC_DIV2": 0.8131548893622519,
    "ACC_DIV3": 0.8621726028646147,
    "ACC_MUL1": 0.7887613825272088,
    "ACC_MUL2": 0.881808462636614,
    "ACC_MUL3": 0.8262622934569885,
    "ACC_SUB1": 0.8657246544339422,
    "ACC_SUB2": 0.7454676597329215,
    "ACC_SUB3": 0.9174906476928498,
    "RT_ADD1": 0.9015157066797156,
    "RT_ADD2": 0.9590367388664917,
    "RT_ADD3": 0.9345739571620686,
    "RT_DIV1": 0.9582881310540434,
    "RT_DIV2": 0.7442445441241051,
    "RT_DIV3": 0.9464950686016652,
    "RT_MUL1": 0.850289988700297,
    "RT_MUL2": 0.900997163116345,
    "RT_MUL3": 0.9156873475448365,
    "RT_SUB1": 0.9852003168875204,
    "RT_SUB2": 0.9515356008424125,
    "RT_SUB3": 0.7870182260166224,
    "N_ADD1": 0.9798450176430145,
    "N_ADD2": 0.972487239556561,
    "N_ADD3": 0.9620453961428894,
    "N_DIV1": 0.9931753842332309,
    "N_DIV2": 0.9764544708699658,
    "N_DIV3": 0.883406299672351,
    "N_MUL1": 0.9839489755834443,
    "N_MUL2": 0.9808986156453748,
    "N_MUL3": 0.9442661680397981,
    "N_SUB1": 0.9913771466344395,
    "N_SUB2": 0.9775784139002203,
    "N_SUB3": 0.35897658227035156,
    "Accuracy ALL level1": 0.896059116134158,
    "Accuracy ALL level2": 0.9332952487662516,
    "Accuracy ALL level3": 0.920679948038013,
    "Accuracy ALL ADD": 0.9144120196407568,
    "Accuracy ALL SUB": 0.9095270557425368,
    "Accuracy ALL MUL": 0.9379760256292526,
    "Accuracy ALL DIV": 0.9513440136894983,
    "RT ALL level1": 0.9729817672970709,
    "RT ALL level2": 0.954230332533538,
    "RT ALL level3": 0.9100863392157187,
    "RT ALL ADD": 0.935571866396948,
    "RT ALL SUB": 0.9251966735991588,
    "RT ALL MUL": 0.9588781245275475,
    "RT ALL DIV": 0.9027487114514168,
    "NofCorr ALL level1": 0.9774557065970969,
    "NofCorr ALL level2": 0.9635082649265225,
    "NofCorr ALL level3": 0.7881194875523443,
    "NofCorr ALL ADD": 0.96378732094875,
    "NofCorr ALL SUB": 0.9908221075281294,
    "NofCorr ALL MUL": 0.9816291871209745,
    "NofCorr ALL DIV": 0.9742721162717158
}