{
    "ACC_ADD1 from 2": 0.035822530219071474,
    "ACC_ADD1 from 3": 0.03144263948704488,
    "ACC_ADD2 from 1": 0.12510418135028142,
    "ACC_ADD2 from 3": 0.07685003933562545,
    "ACC_ADD3 from 1": 0.20862031513884188,
    "ACC_ADD3 from 2": 0.1629808745285564,
    "ACC_DIV1 from 2": 0.07576255209801039,
    "ACC_DIV1 from 3": 0.1179128358567853,
    "ACC_DIV2 from 1": 0.16206626441777755,
    "ACC_DIV2 from 3": 0.21993756670491588,
    "ACC_DIV3 from 1": 0.19490471530785444,
    "ACC_DIV3 from 2": 0.15404695358797957,
    "ACC_MUL1 from 2": 0.05523651965777892,
    "ACC_MUL1 from 3": 0.06176487904337088,
    "ACC_MUL2 from 1": 0.13534834612354757,
    "ACC_MUL2 from 3": 0.1679379935851738,
    "ACC_MUL3 from 1": 0.22095310346276356,
    "ACC_MUL3 from 2": 0.17843270486327326,
    "ACC_SUB1 from 2": 0.045135740594475664,
    "ACC_SUB1 from 3": 0.028686284521244224,
    "ACC_SUB2 from 1": 0.12079042376515682,
    "ACC_SUB2 from 3": 0.10652067322867573,
    "ACC_SUB3 from 1": 0.19186638474912132,
    "ACC_SUB3 from 2": 0.15609994489659038,
    "RT_ADD1 from 2": 0.4342246085242564,
    "RT_ADD1 from 3": 0.22654053907817573,
    "RT_ADD2 from 1": 0.8343286302428581,
    "RT_ADD2 from 3": 0.7534229683191903,
    "RT_ADD3 from 1": 1.7473908819167894,
    "RT_ADD3 from 2": 1.788698675614265,
    "RT_DIV1 from 2": 1.2629978222710205,
    "RT_DIV1 from 3": 1.0073734609426988,
    "RT_DIV2 from 1": 2.545756607196493,
    "RT_DIV2 from 3": 1.6463270823731562,
    "RT_DIV3 from 1": 2.7768677632978993,
    "RT_DIV3 from 2": 2.3441373048906566,
    "RT_MUL1 from 2": 0.39493650493134563,
    "RT_MUL1 from 3": 0.6539268460621765,
    "RT_MUL2 from 1": 2.1104576901448655,
    "RT_MUL2 from 3": 1.0095771127256419,
    "RT_MUL3 from 1": 4.14716622472106,
    "RT_MUL3 from 2": 1.9544341216704024,
    "RT_SUB1 from 2": 0.46296128919313273,
    "RT_SUB1 from 3": 0.9891710872372381,
    "RT_SUB2 from 1": 1.498483624393425,
    "RT_SUB2 from 3": 1.2476676280694807,
    "RT_SUB3 from 1": 2.1907717289545325,
    "RT_SUB3 from 2": 2.468212323419418,
    "N_ADD1 from 2": 5.12411626199178,
    "N_ADD1 from 3": 6.921314560186402,
    "N_ADD2 from 1": 3.3030820395686287,
    "N_ADD2 from 3": 2.9426053278156408,
    "N_ADD3 from 1": 2.123190020427094,
    "N_ADD3 from 2": 1.4903994942624768,
    "N_DIV1 from 2": 10.467252192407269,
    "N_DIV1 from 3": 11.53433146853391,
    "N_DIV2 from 1": 3.0986376476514814,
    "N_DIV2 from 3": 2.0533135531327438,
    "N_DIV3 from 1": 2.764816542922858,
    "N_DIV3 from 2": 2.4002261840587713,
    "N_MUL1 from 2": 6.857542073048342,
    "N_MUL1 from 3": 10.778972145420058,
    "N_MUL2 from 1": 2.8808511572514997,
    "N_MUL2 from 3": 3.005623815086706,
    "N_MUL3 from 1": 2.3901769262110903,
    "N_MUL3 from 2": 1.888765215891068,
    "N_SUB1 from 2": 6.843489562603251,
    "N_SUB1 from 3": 9.183018740279213,
    "N_SUB2 from 1": 3.3362378408311346,
    "N_SUB2 from 3": 3.4181305882968243,
    "N_SUB3 from 1": 2.3881446153641517,
    "N_SUB3 from 2": 2.5181811980662863
}