{
    "age": 1.3286866230044097,
    "ACC_ADD1": 0.019328927655170434,
    "ACC_ADD2": 0.0671073264608971,
    "ACC_ADD3": 0.14224279281266056,
    "ACC_DIV1": 0.05873245085736539,
    "ACC_DIV2": 0.11911590967098704,
    "ACC_DIV3": 0.10512247891384557,
    "ACC_MUL1": 0.056530437252228935,
    "ACC_MUL2": 0.08786485319420471,
    "ACC_MUL3": 0.12512056148663872,
    "ACC_SUB1": 0.04708412871563645,
    "ACC_SUB2": 0.11588800108605239,
    "ACC_SUB3": 0.0688201299209224,
    "RT_ADD1": 0.27810098289579643,
    "RT_ADD2": 0.43949551857243363,
    "RT_ADD3": 0.8478803536752672,
    "RT_DIV1": 0.23853917463136606,
    "RT_DIV2": 1.9140020085351188,
    "RT_DIV3": 1.1215527924864006,
    "RT_MUL1": 0.4643696332380009,
    "RT_MUL2": 1.3915378479597544,
    "RT_MUL3": 1.3220673478737794,
    "RT_SUB1": 0.11609541933656935,
    "RT_SUB2": 0.49440996419165395,
    "RT_SUB3": 1.606422281672921,
    "N_ADD1": 2.0211471996459673,
    "N_ADD2": 1.042346809080812,
    "N_ADD3": 0.7569177428404291,
    "N_DIV1": 1.2269205577560311,
    "N_DIV2": 0.6845862798093181,
    "N_DIV3": 1.3917190254946907,
    "N_MUL1": 1.9394652470522582,
    "N_MUL2": 0.6660628221726452,
    "N_MUL3": 0.9519005906789287,
    "N_SUB1": 1.2136705333541804,
    "N_SUB2": 0.7313490238315071,
    "N_SUB3": 3.529492160483083,
    "Accuracy ALL level1": 0.10772426076157322,
    "Accuracy ALL level2": 0.19098827584091874,
    "Accuracy ALL level3": 0.24475761375131697,
    "Accuracy ALL ADD": 0.13366626172538454,
    "Accuracy ALL SUB": 0.15436916472030335,
    "Accuracy ALL MUL": 0.13425499228333942,
    "Accuracy ALL DIV": 0.12624018724850466,
    "RT ALL level1": 0.6307585801408129,
    "RT ALL level2": 2.4214397306989897,
    "RT ALL level3": 4.389717577123355,
    "RT ALL ADD": 1.4612348449883594,
    "RT ALL SUB": 1.5147373838110902,
    "RT ALL MUL": 1.8211108634270736,
    "RT ALL DIV": 2.5878457404635045,
    "NofCorr ALL level1": 8.633430152470405,
    "NofCorr ALL level2": 3.035423246191967,
    "NofCorr ALL level3": 7.587325413879727,
    "NofCorr ALL ADD": 4.055602865929604,
    "NofCorr ALL SUB": 1.8548011591726454,
    "NofCorr ALL MUL": 2.868563785936056,
    "NofCorr ALL DIV": 2.815816858032605
}