{
    "ACC_ADD1 from 2": 0.04015167320107152,
    "ACC_ADD1 from 3": 0.062442989014711965,
    "ACC_ADD2 from 1": 0.11113529622387769,
    "ACC_ADD2 from 3": 0.07255202173366872,
    "ACC_ADD3 from 1": 0.19774238113703446,
    "ACC_ADD3 from 2": 0.13575485003836005,
    "ACC_DIV1 from 2": 0.07622375985044137,
    "ACC_DIV1 from 3": 0.06925800750540374,
    "ACC_DIV2 from 1": 0.14373187666498136,
    "ACC_DIV2 from 3": 0.19091621218529659,
    "ACC_DIV3 from 1": 0.24312287377315864,
    "ACC_DIV3 from 2": 0.18208660254043452,
    "ACC_MUL1 from 2": 0.07453835346161658,
    "ACC_MUL1 from 3": 0.0729991461156217,
    "ACC_MUL2 from 1": 0.1357276016963429,
    "ACC_MUL2 from 3": 0.14507210845719812,
    "ACC_MUL3 from 1": 0.1884983960471717,
    "ACC_MUL3 from 2": 0.19312321413750994,
    "ACC_SUB1 from 2": 0.04244275917532786,
    "ACC_SUB1 from 3": 0.1161558905714315,
    "ACC_SUB2 from 1": 0.1467372338584665,
    "ACC_SUB2 from 3": 0.13604268894902669,
    "ACC_SUB3 from 1": 0.1689365324056264,
    "ACC_SUB3 from 2": 0.13771684598804623,
    "RT_ADD1 from 2": 0.4749970878545078,
    "RT_ADD1 from 3": 0.4453279961106499,
    "RT_ADD2 from 1": 0.9742645806481721,
    "RT_ADD2 from 3": 0.8703961103777936,
    "RT_ADD3 from 1": 2.0829077285994155,
    "RT_ADD3 from 2": 1.4670495835820352,
    "RT_DIV1 from 2": 1.2115501585187827,
    "RT_DIV1 from 3": 1.2569475815689408,
    "RT_DIV2 from 1": 2.325738718771379,
    "RT_DIV2 from 3": 1.6032705332692385,
    "RT_DIV3 from 1": 3.8390813542720346,
    "RT_DIV3 from 2": 3.1415877225661557,
    "RT_MUL1 from 2": 0.5676182788636244,
    "RT_MUL1 from 3": 0.7317080747661909,
    "RT_MUL2 from 1": 2.882195510357331,
    "RT_MUL2 from 3": 1.4765855147621256,
    "RT_MUL3 from 1": 3.725455971463755,
    "RT_MUL3 from 2": 2.2763049126177903,
    "RT_SUB1 from 2": 0.4541883526791285,
    "RT_SUB1 from 3": 0.6522228458789178,
    "RT_SUB2 from 1": 1.2422723405491563,
    "RT_SUB2 from 3": 1.375502646425757,
    "RT_SUB3 from 1": 2.8153284454617027,
    "RT_SUB3 from 2": 1.9175181952172629,
    "N_ADD1 from 2": 8.273103144055675,
    "N_ADD1 from 3": 9.213705911757359,
    "N_ADD2 from 1": 2.952629085834947,
    "N_ADD2 from 3": 2.516878248445246,
    "N_ADD3 from 1": 2.576645257483063,
    "N_ADD3 from 2": 2.584151619258331,
    "N_DIV1 from 2": 8.580794796281264,
    "N_DIV1 from 3": 8.374770624563311,
    "N_DIV2 from 1": 2.515161255871995,
    "N_DIV2 from 3": 2.8273392982550214,
    "N_DIV3 from 1": 1.8309014870898548,
    "N_DIV3 from 2": 1.6709126757133403,
    "N_MUL1 from 2": 7.823082915901358,
    "N_MUL1 from 3": 10.476196219459043,
    "N_MUL2 from 1": 2.5917025967375467,
    "N_MUL2 from 3": 3.4334081826506524,
    "N_MUL3 from 1": 3.624608896856654,
    "N_MUL3 from 2": 2.176442490788308,
    "N_SUB1 from 2": 6.668173977110721,
    "N_SUB1 from 3": 8.9262678569717,
    "N_SUB2 from 1": 2.434396555624887,
    "N_SUB2 from 3": 3.660810544700315,
    "N_SUB3 from 1": 1.8433649959520781,
    "N_SUB3 from 2": 2.051743799341277
}