{
    "age": 1.8730929026238645,
    "ACC_ADD1": 0.12046341525511765,
    "ACC_ADD2": 0.8206010993426567,
    "ACC_ADD3": 0.22756170912036885,
    "ACC_DIV1": 0.14953477293776912,
    "ACC_DIV2": 0.26269320244212957,
    "ACC_DIV3": 0.30507558600058576,
    "ACC_MUL1": 0.13113758932869235,
    "ACC_MUL2": 0.23787330190030556,
    "ACC_MUL3": 0.3068894115448973,
    "ACC_SUB1": 0.11911786801156216,
    "ACC_SUB2": 0.23859754886836912,
    "ACC_SUB3": 0.4645190788593446,
    "RT_ADD1": 4513.3958205772215,
    "RT_ADD2": 3662.7959162325774,
    "RT_ADD3": 2818.8045533218437,
    "RT_DIV1": 4464.227830573342,
    "RT_DIV2": 4989.161655682019,
    "RT_DIV3": 10.595206062020603,
    "RT_MUL1": 3371.8396680171822,
    "RT_MUL2": 2593.250020966321,
    "RT_MUL3": 3451.7311077552313,
    "RT_SUB1": 4598.596123686272,
    "RT_SUB2": 5793.850837687205,
    "RT_SUB3": 13199.400819760389,
    "N_ADD1": 38.387716348684584,
    "N_ADD2": 15.63218696987334,
    "N_ADD3": 8.174738363115313,
    "N_DIV1": 14.577623478104684,
    "N_DIV2": 9.853416684545591,
    "N_DIV3": 6.833345504102885,
    "N_MUL1": 42.937707281442336,
    "N_MUL2": 4.950079049009584,
    "N_MUL3": 6.185747574375486,
    "N_SUB1": 39.72781646652135,
    "N_SUB2": 12.351149671329905,
    "N_SUB3": 2.7816298872023557,
    "Accuracy ALL level1": 0.4306461011286263,
    "Accuracy ALL level2": 0.7373418992045476,
    "Accuracy ALL level3": 1.084404302296611,
    "Accuracy ALL ADD": 0.3541672146517926,
    "Accuracy ALL SUB": 0.5964705632440828,
    "Accuracy ALL MUL": 0.47714751927798055,
    "Accuracy ALL DIV": 2.281828597561601,
    "RT ALL level1": 12675.1533994725,
    "RT ALL level2": 13065.208798666577,
    "RT ALL level3": 14616.552993857395,
    "RT ALL ADD": 7764.296963067992,
    "RT ALL SUB": 16415.137842498127,
    "RT ALL MUL": 9306.60543653493,
    "RT ALL DIV": 7729.802471002307,
    "NofCorr ALL level1": 52.06944716890683,
    "NofCorr ALL level2": 46.9469059262472,
    "NofCorr ALL level3": 10.927366101603639,
    "NofCorr ALL ADD": 61.227513286377494,
    "NofCorr ALL SUB": 57.02531216525614,
    "NofCorr ALL MUL": 58.6420175944255,
    "NofCorr ALL DIV": 52.933864510122895
}