{
    "age": 2.0715313406307345,
    "ACC_ADD1": 0.09389315780081624,
    "ACC_ADD2": 0.8192873040658846,
    "ACC_ADD3": 0.23798272758519648,
    "ACC_DIV1": 0.12723423555488886,
    "ACC_DIV2": 0.2650370207608338,
    "ACC_DIV3": 0.2953391905705268,
    "ACC_MUL1": 0.10720836048428702,
    "ACC_MUL2": 0.7308059427264062,
    "ACC_MUL3": 0.6266521937495233,
    "ACC_SUB1": 0.9242679958785275,
    "ACC_SUB2": 0.2302574923140741,
    "ACC_SUB3": 0.26022344943600384,
    "RT_ADD1": 0.765153906433549,
    "RT_ADD2": 5.802199216428472,
    "RT_ADD3": 3.254095387208472,
    "RT_DIV1": 3.0915215018670983,
    "RT_DIV2": 8.745510994503412,
    "RT_DIV3": 11.55591299740877,
    "RT_MUL1": 1.0090366338032843,
    "RT_MUL2": 3.8352567725022007,
    "RT_MUL3": 5.180075728931557,
    "RT_SUB1": 1.1674667127255194,
    "RT_SUB2": 2.4891513145674233,
    "RT_SUB3": 3.877177684163248,
    "N_ADD1": 13.680627735220567,
    "N_ADD2": 15.26727399283886,
    "N_ADD3": 3.921469910860289,
    "N_DIV1": 36.54019987488508,
    "N_DIV2": 4.335265081465263,
    "N_DIV3": 3.6771382760842353,
    "N_MUL1": 41.10990316129478,
    "N_MUL2": 10.705944207743208,
    "N_MUL3": 6.769862220367458,
    "N_SUB1": 13.717745520993514,
    "N_SUB2": 12.168500885199599,
    "N_SUB3": 3.8604536333312987,
    "Accuracy ALL level1": 0.3709133683207513,
    "Accuracy ALL level2": 0.7716054858665669,
    "Accuracy ALL level3": 0.8832929072220435,
    "Accuracy ALL ADD": 0.418936233555605,
    "Accuracy ALL SUB": 0.49661178764102565,
    "Accuracy ALL MUL": 0.5302921206677677,
    "Accuracy ALL DIV": 0.5592834130596571,
    "RT ALL level1": 4.007389989604952,
    "RT ALL level2": 10.530851043408095,
    "RT ALL level3": 15.200180607525459,
    "RT ALL ADD": 5.341752340836115,
    "RT ALL SUB": 6.156884758607675,
    "RT ALL MUL": 8.567866314145938,
    "RT ALL DIV": 22.735940452978923,
    "NofCorr ALL level1": 53.27793155419263,
    "NofCorr ALL level2": 17.92743629744704,
    "NofCorr ALL level3": 12.93553076186511,
    "NofCorr ALL ADD": 20.41122866409794,
    "NofCorr ALL SUB": 19.459239996426266,
    "NofCorr ALL MUL": 20.039547167094675,
    "NofCorr ALL DIV": 18.038931304164027
}