{
    "ACC_ADD1 from 2": 0.09389315780081624,
    "ACC_ADD1 from 3": 0.09389315780081624,
    "ACC_ADD2 from 1": 0.8192873040658846,
    "ACC_ADD2 from 3": 0.18372333241942856,
    "ACC_ADD3 from 1": 0.7128341478383738,
    "ACC_ADD3 from 2": 0.7128341478383738,
    "ACC_DIV1 from 2": 0.12723423555488886,
    "ACC_DIV1 from 3": 0.12723423555488886,
    "ACC_DIV2 from 1": 0.7105329931296095,
    "ACC_DIV2 from 3": 0.7105329931296095,
    "ACC_DIV3 from 1": 0.6296600739280743,
    "ACC_DIV3 from 2": 0.6296600739280743,
    "ACC_MUL1 from 2": 0.10720836048428702,
    "ACC_MUL1 from 3": 0.10720836048428702,
    "ACC_MUL2 from 1": 0.7308059427264062,
    "ACC_MUL2 from 3": 0.24812286945377246,
    "ACC_MUL3 from 1": 0.6266521937495233,
    "ACC_MUL3 from 2": 0.2962939310053615,
    "ACC_SUB1 from 2": 0.10217731364077359,
    "ACC_SUB1 from 3": 0.10217731364077359,
    "ACC_SUB2 from 1": 0.7569322415770485,
    "ACC_SUB2 from 3": 0.2302574923140741,
    "ACC_SUB3 from 1": 0.6278216647928276,
    "ACC_SUB3 from 2": 0.26022344943600384,
    "RT_ADD1 from 2": 0.765153906433549,
    "RT_ADD1 from 3": 0.765153906433549,
    "RT_ADD2 from 1": 5.802199216428472,
    "RT_ADD2 from 3": 2.1316646558611065,
    "RT_ADD3 from 1": 8.65335341264724,
    "RT_ADD3 from 2": 8.65335341264724,
    "RT_DIV1 from 2": 1.3374811696885422,
    "RT_DIV1 from 3": 1.3374811696885422,
    "RT_DIV2 from 1": 8.745510994503412,
    "RT_DIV2 from 3": 3.614523117295088,
    "RT_DIV3 from 1": 5.215629563581004,
    "RT_DIV3 from 2": 11.55591299740877,
    "RT_MUL1 from 2": 1.0090366338032843,
    "RT_MUL1 from 3": 1.0090366338032843,
    "RT_MUL2 from 1": 8.163950925835563,
    "RT_MUL2 from 3": 3.8352567725022007,
    "RT_MUL3 from 1": 10.942232274937151,
    "RT_MUL3 from 2": 5.180075728931557,
    "RT_SUB1 from 2": 1.1674667127255194,
    "RT_SUB1 from 3": 1.1674667127255194,
    "RT_SUB2 from 1": 2.4891513145674233,
    "RT_SUB2 from 3": 2.4891513145674233,
    "RT_SUB3 from 1": 9.734053784741295,
    "RT_SUB3 from 2": 9.734053784741295,
    "N_ADD1 from 2": 37.62152721972923,
    "N_ADD1 from 3": 37.62152721972923,
    "N_ADD2 from 1": 5.873315572920857,
    "N_ADD2 from 3": 15.26727399283886,
    "N_ADD3 from 1": 3.921469910860289,
    "N_ADD3 from 2": 3.921469910860289,
    "N_DIV1 from 2": 36.54019987488508,
    "N_DIV1 from 3": 36.54019987488508,
    "N_DIV2 from 1": 4.335265081465263,
    "N_DIV2 from 3": 4.335265081465263,
    "N_DIV3 from 1": 3.6771382760842353,
    "N_DIV3 from 2": 3.6771382760842353,
    "N_MUL1 from 2": 14.91024773140954,
    "N_MUL1 from 3": 41.10990316129478,
    "N_MUL2 from 1": 5.036827741273578,
    "N_MUL2 from 3": 10.705944207743208,
    "N_MUL3 from 1": 3.9923279843666637,
    "N_MUL3 from 2": 3.9923279843666637,
    "N_SUB1 from 2": 38.76809922141372,
    "N_SUB1 from 3": 38.76809922141372,
    "N_SUB2 from 1": 5.446577550707346,
    "N_SUB2 from 3": 12.168500885199599,
    "N_SUB3 from 1": 3.8604536333312987,
    "N_SUB3 from 2": 3.8604536333312987
}