{
    "age": 1.6397557559519933,
    "ACC_ADD1": 0.05692233073906272,
    "ACC_ADD2": 0.12767737353574257,
    "ACC_ADD3": 0.20055010284420238,
    "ACC_DIV1": 0.10277082471024328,
    "ACC_DIV2": 0.20320916588553126,
    "ACC_DIV3": 0.17829194707808324,
    "ACC_MUL1": 0.06690620464228691,
    "ACC_MUL2": 0.17443989258516981,
    "ACC_MUL3": 0.20389913097760357,
    "ACC_SUB1": 0.09762681252931034,
    "ACC_SUB2": 0.14927631550966564,
    "ACC_SUB3": 0.2562950628205155,
    "RT_ADD1": 452.42799832168606,
    "RT_ADD2": 662.9213099083527,
    "RT_ADD3": 2985.295975200737,
    "RT_DIV1": 3431.4959124947572,
    "RT_DIV2": 4669.374580125704,
    "RT_DIV3": 2.8839291169959527,
    "RT_MUL1": 1916.9254262418126,
    "RT_MUL2": 2992.8805480129918,
    "RT_MUL3": 2.75049623570453,
    "RT_SUB1": 7911.335341008937,
    "RT_SUB2": 5110.037529768572,
    "RT_SUB3": 7449.273973230096,
    "N_ADD1": 9.172866378493698,
    "N_ADD2": 2.8051154857288405,
    "N_ADD3": 2.6140070312184385,
    "N_DIV1": 4.870744883729856,
    "N_DIV2": 3.6003271244426878,
    "N_DIV3": 3.3953268628500135,
    "N_MUL1": 5.321876107774453,
    "N_MUL2": 2.185318843024958,
    "N_MUL3": 2.5804931377333515,
    "N_SUB1": 6.197415147103948,
    "N_SUB2": 3.370116583980169,
    "N_SUB3": 1.4749420551719543,
    "Accuracy ALL level1": 0.2597643493350801,
    "Accuracy ALL level2": 0.4673545890082725,
    "Accuracy ALL level3": 0.6249455336731061,
    "Accuracy ALL ADD": 0.2643273547901572,
    "Accuracy ALL SUB": 0.4660420663462148,
    "Accuracy ALL MUL": 0.3210337991838816,
    "Accuracy ALL DIV": 0.35821162438606646,
    "RT ALL level1": 780.8159974796934,
    "RT ALL level2": 8633.905283875109,
    "RT ALL level3": 11486.742434903292,
    "RT ALL ADD": 2870.751332173341,
    "RT ALL SUB": 6057.397690084489,
    "RT ALL MUL": 16171.885843803268,
    "RT ALL DIV": 7354.168443568486,
    "NofCorr ALL level1": 29.08071972698508,
    "NofCorr ALL level2": 10.58563684888015,
    "NofCorr ALL level3": 8.361984642443614,
    "NofCorr ALL ADD": 8.75702703202591,
    "NofCorr ALL SUB": 6.029452545877825,
    "NofCorr ALL MUL": 7.9317799101744395,
    "NofCorr ALL DIV": 15.453692375289227
}