{
    "age": 1.6400107703019335,
    "ACC_ADD1": 0.07252106394329967,
    "ACC_ADD2": 0.16697556864696325,
    "ACC_ADD3": 0.19175073836224157,
    "ACC_DIV1": 0.10460948777584074,
    "ACC_DIV2": 0.2002865140875811,
    "ACC_DIV3": 0.1930421429264693,
    "ACC_MUL1": 0.10760333924642616,
    "ACC_MUL2": 0.1788938620421326,
    "ACC_MUL3": 0.19526369284718167,
    "ACC_SUB1": 0.0871117002744113,
    "ACC_SUB2": 0.15986566143269268,
    "ACC_SUB3": 0.3512629374701116,
    "RT_ADD1": 1468.6841423349106,
    "RT_ADD2": 1541.519368163944,
    "RT_ADD3": 5100.010588600359,
    "RT_DIV1": 4101.272776008262,
    "RT_DIV2": 5798.675896827111,
    "RT_DIV3": 2.3889863355866554,
    "RT_MUL1": 5009.8765819481505,
    "RT_MUL2": 879.8197116757307,
    "RT_MUL3": 905.4000961898179,
    "RT_SUB1": 5846.224491709709,
    "RT_SUB2": 6162.300870275633,
    "RT_SUB3": 10772.081385708181,
    "N_ADD1": 8.267283146849081,
    "N_ADD2": 2.899453164626925,
    "N_ADD3": 2.058826145449579,
    "N_DIV1": 5.865087521425996,
    "N_DIV2": 3.0963081471352965,
    "N_DIV3": 2.6063140996223875,
    "N_MUL1": 5.392786899615292,
    "N_MUL2": 2.5608429354298523,
    "N_MUL3": 1.8643633141820657,
    "N_SUB1": 5.2499950498964765,
    "N_SUB2": 2.8430959451585354,
    "N_SUB3": 1.622892124282297,
    "Accuracy ALL level1": 0.22791404853033193,
    "Accuracy ALL level2": 0.43107272657346507,
    "Accuracy ALL level3": 0.5826424720392953,
    "Accuracy ALL ADD": 0.23226370677425834,
    "Accuracy ALL SUB": 0.45725902623024456,
    "Accuracy ALL MUL": 0.30747813853591444,
    "Accuracy ALL DIV": 0.35121249123284587,
    "RT ALL level1": 14320.612712131973,
    "RT ALL level2": 2102.981226101249,
    "RT ALL level3": 10609.732121938077,
    "RT ALL ADD": 9894.664596655522,
    "RT ALL SUB": 7860.164220015936,
    "RT ALL MUL": 16228.722929703184,
    "RT ALL DIV": 2804.1070699105535,
    "NofCorr ALL level1": 30.51842234976047,
    "NofCorr ALL level2": 10.058488272665905,
    "NofCorr ALL level3": 7.999190351166948,
    "NofCorr ALL ADD": 7.67255181448508,
    "NofCorr ALL SUB": 8.120233321574668,
    "NofCorr ALL MUL": 7.533112833378352,
    "NofCorr ALL DIV": 8.010585033697987
}