{
    "age": 1.2418573614783552,
    "ACC_ADD1": 0.0400655734942492,
    "ACC_ADD2": 0.10051241106214626,
    "ACC_ADD3": 0.13861424371268255,
    "ACC_DIV1": 0.07626340691074786,
    "ACC_DIV2": 0.164772018131881,
    "ACC_DIV3": 0.1232941912985049,
    "ACC_MUL1": 0.023239480945681273,
    "ACC_MUL2": 0.08941589070398316,
    "ACC_MUL3": 0.16090085874998966,
    "ACC_SUB1": 0.03373947527856708,
    "ACC_SUB2": 0.12207508523989104,
    "ACC_SUB3": 0.14190494883481924,
    "RT_ADD1": 0.15463104686804535,
    "RT_ADD2": 0.5824879682902006,
    "RT_ADD3": 1.366160714403717,
    "RT_DIV1": 0.3062210261685525,
    "RT_DIV2": 1.1563752630188135,
    "RT_DIV3": 1.932026454188808,
    "RT_MUL1": 0.48849024950726183,
    "RT_MUL2": 2.813979391307414,
    "RT_MUL3": 1.999394267376215,
    "RT_SUB1": 0.2203607746933914,
    "RT_SUB2": 0.9438926307092085,
    "RT_SUB3": 1.879645414459105,
    "N_ADD1": 4.805902434715576,
    "N_ADD2": 2.2274429096407418,
    "N_ADD3": 1.2815059886626707,
    "N_DIV1": 2.7311115338269394,
    "N_DIV2": 1.531497327339495,
    "N_DIV3": 0.962985459998531,
    "N_MUL1": 2.4841369267320013,
    "N_MUL2": 1.3906912749500595,
    "N_MUL3": 0.9183699953046496,
    "N_SUB1": 1.8281033377623037,
    "N_SUB2": 1.3004818833767198,
    "N_SUB3": 0.9605008804012605,
    "Accuracy ALL level1": 0.12020934451035192,
    "Accuracy ALL level2": 0.24687333811587406,
    "Accuracy ALL level3": 0.37497567672358123,
    "Accuracy ALL ADD": 0.17068839052483256,
    "Accuracy ALL SUB": 0.24452244478417223,
    "Accuracy ALL MUL": 0.1759194400764849,
    "Accuracy ALL DIV": 0.18411468189670815,
    "RT ALL level1": 0.8008395486616501,
    "RT ALL level2": 3.2582348469389455,
    "RT ALL level3": 5.288111238421264,
    "RT ALL ADD": 1.340256610688352,
    "RT ALL SUB": 1.725070719588351,
    "RT ALL MUL": 2.756686640058736,
    "RT ALL DIV": 3.0634824098298514,
    "NofCorr ALL level1": 13.725916198160588,
    "NofCorr ALL level2": 4.246578188267312,
    "NofCorr ALL level3": 4.262673140898363,
    "NofCorr ALL ADD": 4.371698980895845,
    "NofCorr ALL SUB": 4.846655190845821,
    "NofCorr ALL MUL": 4.468319517488252,
    "NofCorr ALL DIV": 5.487378202769506
}