{
    "ADD1": 0.9251813043452441,
    "ADD2": 0.2419376498823692,
    "ADD3": 0.19343014251167445,
    "DIV1": 0.2054431358386284,
    "DIV2": 0.031368219862433766,
    "DIV3": 0.06523801057003764,
    "MUL1": 0.27394378395816465,
    "MUL2": 0.8583090578006525,
    "MUL3": 0.172403978953654,
    "SUB1": 0.9287877472356745,
    "SUB2": 0.27970800368728677,
    "SUB3": 0.1549974396696847,
    "ACC_ADD1": 0.02330657756026755,
    "ACC_ADD2": 0.09929067744231912,
    "ACC_ADD3": 0.9368543214329981,
    "ACC_DIV1": 0.11903161833253628,
    "ACC_DIV2": 0.022497464731437655,
    "ACC_DIV3": 0.0580422287716823,
    "ACC_MUL1": 0.12033711073277331,
    "ACC_MUL2": 0.9134926854319976,
    "ACC_MUL3": 0.8271117155576507,
    "ACC_SUB1": 0.164313814679231,
    "ACC_SUB2": 0.9290134887022102,
    "ACC_SUB3": 0.02951490524858269,
    "ADD": 0.3335907814508545,
    "DIV": 0.1600448973081552,
    "MUL": 0.29451924006968977,
    "SUB": 0.35475968273595115,
    "SUM": 0.28753860843076584
}