{
    "1": 0.3839972828452859,
    "2": 0.72727863223406,
    "3": 0.9855932400821195
}